Date,Time,Timezone,Day,Content,First Comment,Platform,Status,Newsletter,Strategy
2026-08-25,18:15,Australia/Sydney,Tuesday,"Most product requests do not have a prioritisation problem.

They have a decision-quality problem.

CS sends urgency. Product asks for evidence. Sales adds another logo. The request enters a backlog and everybody quietly interprets that as progress.

Nothing was decided.

A cleaner operating model is the Product Friction Review.

CS brings five things:

The user consequence.
The evidence.
The commercial decision and date.
The real workaround.
The exact decision requested.

Product keeps roadmap authority. It can commit, investigate, decline, or ask for missing evidence.

But every qualified request leaves with a decision state, an owner, and a date.

The metric is not time to ship. That would reward fake promises.

Measure decision latency instead: how long a complete customer problem sits without an explicit Product decision.

This does not give CS control of the roadmap.

It gives customers something more credible than “it is in the backlog.”

The full framework and free review template are in the first comment.","The Product Friction Review and free template:
https://churnisdead.com/newsletter/stealing-sprint-planning-from-engineering?utm_source=linkedin&utm_medium=post&utm_campaign=stealing-sprint-planning-from-engineering&utm_content=tuesday_launch

Churn Is Dead publishes one evidence-led CS operating framework each Tuesday.",LinkedIn,Approved for Posting,stealing-sprint-planning-from-engineering,Newsletter launch
